{
	"version": "0.3.5", 
	"suite": "unknown_suite", 
	"function_id": 26, 
	"function_name": "objective_function_ca_1", 
	"maximization": true, 
	"algorithm": {"name": "algorithm_name", "info": "algorithm_info"},
	"attributes": ["evaluations", "raw_y"],
	"scenarios": [
		{"dimension": 10,
		"path": "data_f26_objective_function_ca_1/IOHprofiler_f26_DIM10.dat",
		"runs": [
			{"instance": 1, "evals": 106, "best": {"evals": 19, "y": 99.67998882302714, "x": [1, 0, 1, 1, 1, 0, 0, 1, 1, 1]}},
			{"instance": 1, "evals": 106, "best": {"evals": 73, "y": 99.98836410578758, "x": [1, 0, 0, 1, 1, 1, 0, 1, 1, 0]}},
			{"instance": 1, "evals": 106, "best": {"evals": 84, "y": 99.30670781667696, "x": [0, 1, 1, 0, 0, 0, 0, 0, 0, 0]}},
			{"instance": 1, "evals": 106, "best": {"evals": 86, "y": 98.8466433455989, "x": [1, 1, 0, 1, 1, 1, 0, 0, 0, 1]}},
			{"instance": 1, "evals": 106, "best": {"evals": 8, "y": 99.48723335156828, "x": [1, 1, 1, 0, 0, 0, 1, 0, 1, 1]}},
			{"instance": 1, "evals": 106, "best": {"evals": 5, "y": 99.1607246914324, "x": [1, 0, 0, 0, 1, 1, 1, 1, 0, 1]}},
			{"instance": 1, "evals": 106, "best": {"evals": 46, "y": 99.16667554082976, "x": [1, 1, 1, 0, 1, 0, 1, 1, 1, 1]}},
			{"instance": 1, "evals": 106, "best": {"evals": 24, "y": 99.20944479898851, "x": [0, 0, 0, 1, 1, 0, 1, 1, 0, 0]}},
			{"instance": 1, "evals": 106, "best": {"evals": 32, "y": 99.99027797267566, "x": [0, 1, 1, 0, 1, 1, 0, 1, 1, 0]}},
			{"instance": 1, "evals": 106, "best": {"evals": 24, "y": 99.85215012639266, "x": [0, 1, 1, 1, 1, 0, 0, 1, 0, 1]}}
		]}
	]
}
